<?xml version="1.0" encoding="UTF-8"?>
<lvbba:AanleveringInformatieObject xmlns:lvbba="https://standaarden.overheid.nl/lvbb/stop/aanlevering/"
                                   schemaversie="1.2.0">
   <lvbba:InformatieObjectVersie>
      <data:ExpressionIdentificatie xmlns:data="https://standaarden.overheid.nl/stop/imop/data/">
         <data:FRBRWork>/join/id/regdata/gm0363/2025/IO_2025072513_1417534_1-gio-1</data:FRBRWork>
         <data:FRBRExpression>/join/id/regdata/gm0363/2025/IO_2025072513_1417534_1-gio-1/nld@2025-07-25;1</data:FRBRExpression>
         <data:soortWork>/join/id/stop/work_010</data:soortWork>
      </data:ExpressionIdentificatie>
      <data:InformatieObjectVersieMetadata xmlns:data="https://standaarden.overheid.nl/stop/imop/data/">
         <data:heeftGeboorteregeling>/akn/nl/act/gm0363/2025/R_2025072513_1417534</data:heeftGeboorteregeling>
         <data:heeftBestanden>
            <data:heeftBestand>
               <data:Bestand>
                  <data:bestandsnaam>gio-1.gml</data:bestandsnaam>
                  <data:hash>1b88f2425cbbaf94c5832ca1481349236cc98bc0044d2add5b2c4aacb35b4149ee0d738076abdde99606ca818376367bee27a2b4040330ecd10622faf4fe7715</data:hash>
               </data:Bestand>
            </data:heeftBestand>
         </data:heeftBestanden>
      </data:InformatieObjectVersieMetadata>
      <data:InformatieObjectMetadata xmlns:data="https://standaarden.overheid.nl/stop/imop/data/">
         <data:eindverantwoordelijke>/tooi/id/gemeente/gm0363</data:eindverantwoordelijke>
         <data:maker>/tooi/id/gemeente/gm9920</data:maker>
         <data:alternatieveTitels>
            <data:alternatieveTitel>alternatieve-titel IO gio-1</data:alternatieveTitel>
         </data:alternatieveTitels>
         <data:naamInformatieObject>naam IO gio-1</data:naamInformatieObject>
         <data:officieleTitel>/join/id/regdata/gm0363/2025/IO_2025072513_1417534_1-gio-1</data:officieleTitel>
         <data:publicatieinstructie>TeConsolideren</data:publicatieinstructie>
         <data:formaatInformatieobject>/join/id/stop/informatieobject/gio_002</data:formaatInformatieobject>
      </data:InformatieObjectMetadata>
   </lvbba:InformatieObjectVersie>
</lvbba:AanleveringInformatieObject>
