<?xml version="1.0" encoding="UTF-8"?>
<ow-dc:owBestand xmlns:ow-dc="http://www.geostandaarden.nl/imow/bestanden/deelbestand">
   <sl:standBestand xmlns:sl="http://www.geostandaarden.nl/bestanden-ow/standlevering-generiek">
      <sl:dataset>Voorbeeld-dataset</sl:dataset>
      <sl:inhoud>
         <sl:gebied>Voorbeeld-gebied</sl:gebied>
         <sl:leveringsId>ID-IMOW-2025072513-1417534-1</sl:leveringsId>
         <sl:objectTypen>
            <sl:objectType>Gebiedengroep</sl:objectType>
            <sl:objectType>Gebied</sl:objectType>
         </sl:objectTypen>
      </sl:inhoud>
      <sl:stand>
         <ow-dc:owObject>
            <l:Gebied xmlns:l="http://www.geostandaarden.nl/imow/locatie">
               <l:identificatie>nl.imow-gm0363.gebied.8ecf3e7d37e2420288dc1ddc0a65ef70</l:identificatie>
               <l:geometrie>
                  <l:GeometrieRef xmlns:xlink="http://www.w3.org/1999/xlink"
                                  xlink:href="8ecf3e7d-37e2-4202-88dc-1ddc0a65ef70"/>
               </l:geometrie>
            </l:Gebied>
         </ow-dc:owObject>
      </sl:stand>
      <sl:stand>
         <ow-dc:owObject>
            <l:Gebiedengroep xmlns:l="http://www.geostandaarden.nl/imow/locatie">
               <l:identificatie>nl.imow-gm0363.gebiedengroep.R202507251314175341</l:identificatie>
               <l:noemer>Voorbeeld-gebied-R202507251314175341</l:noemer>
               <l:groepselement>
                  <l:GebiedRef xmlns:xlink="http://www.w3.org/1999/xlink"
                               xlink:href="nl.imow-gm0363.gebied.8ecf3e7d37e2420288dc1ddc0a65ef70"/>
               </l:groepselement>
            </l:Gebiedengroep>
         </ow-dc:owObject>
      </sl:stand>
   </sl:standBestand>
</ow-dc:owBestand>
