<?xml version="1.0" encoding="UTF-8"?>
<lvbb:publicatieOpdracht xmlns:lvbb="http://www.overheid.nl/2017/lvbb" 
   xmlns:xsi="http://www.w3.org/2001/XMLSchema-instance" 
   xsi:schemaLocation="https://standaarden.overheid.nl/lvbb/stop/aanlevering/ https://raw.githubusercontent.com/RicharddeGraaf1/schemaTestsRichard/refs/heads/main/1.4.1/lvbb/lvbb-transport.xsd">
   <lvbb:idLevering>RdG_1_validatieCheck_ozondingopdracht_O_2023080315_2919671_1</lvbb:idLevering>
   <lvbb:idBevoegdGezag>00000001002564440000</lvbb:idBevoegdGezag>
   <lvbb:idAanleveraar>00000003560458830000</lvbb:idAanleveraar>
   <lvbb:publicatie>publicatie.xml</lvbb:publicatie>
   <lvbb:datumBekendmaking>2023-08-04</lvbb:datumBekendmaking>
</lvbb:publicatieOpdracht>
