<?xml version="1.0" encoding="utf-8"?>
<ow-dc:owBestand xmlns:xsi="http://www.w3.org/2001/XMLSchema-instance" 
   xmlns:xlink="http://www.w3.org/1999/xlink"
   xmlns:ga="http://www.geostandaarden.nl/imow/gebiedsaanwijzing"
   xmlns:da="http://www.geostandaarden.nl/imow/datatypenalgemeen"
   xmlns:sl="http://www.geostandaarden.nl/bestanden-ow/standlevering-generiek"
   xmlns:ow-dc="http://www.geostandaarden.nl/imow/bestanden/deelbestand"
   xmlns:ow="http://www.geostandaarden.nl/imow/owobject"
   xmlns:rol="http://www.geostandaarden.nl/imow/regelsoplocatie"
   xmlns:rg="http://www.geostandaarden.nl/imow/regelingsgebied"
   xmlns:p="http://www.geostandaarden.nl/imow/pons"
   xmlns:l="http://www.geostandaarden.nl/imow/locatie"
   xmlns:r="http://www.geostandaarden.nl/imow/regels"
   xmlns:k="http://www.geostandaarden.nl/imow/kaart"
   xmlns:s="http://www.geostandaarden.nl/imow/symbolisatie"
   xmlns:op="http://www.geostandaarden.nl/imow/opobject"
   xmlns:vt="http://www.geostandaarden.nl/imow/vrijetekst"
   xsi:schemaLocation="http://www.geostandaarden.nl/imow/bestanden/deelbestand https://register.geostandaarden.nl/xmlschema/tpod/v3.1.0/bestanden-ow/deelbestand-ow/IMOW_Deelbestand.xsd">
   <sl:standBestand xmlns:sl="http://www.geostandaarden.nl/bestanden-ow/standlevering-generiek">
      <sl:dataset>Voorbeeld-dataset</sl:dataset>
      <sl:inhoud>
         <sl:gebied>Voorbeeld-gebied</sl:gebied>
         <sl:leveringsId>ID-IMOW-2023080315-2919671-1</sl:leveringsId>
         <sl:objectTypen>
            <sl:objectType>Regeltekst</sl:objectType>
            <sl:objectType>RegelVoorIedereen</sl:objectType>
         </sl:objectTypen>
      </sl:inhoud>
      <sl:stand>
         <ow-dc:owObject>
            <r:Regeltekst xmlns:r="http://www.geostandaarden.nl/imow/regels"
                          wId="gm0363_1__chp_1__art_1">
               <r:identificatie>nl.imow-gm0363.regeltekst.R20230803152919671134811223</r:identificatie>
            </r:Regeltekst>
         </ow-dc:owObject>
      </sl:stand>
      <sl:stand>
         <ow-dc:owObject>
            <r:RegelVoorIedereen xmlns:r="http://www.geostandaarden.nl/imow/regels">
               <r:identificatie>nl.imow-gm0363.juridischeregel.R20230803152919671134811223</r:identificatie>
               <r:idealisatie>http://standaarden.omgevingswet.overheid.nl/idealisatie/id/concept/Exact</r:idealisatie>
               <r:artikelOfLid>
                  <r:RegeltekstRef xmlns:xlink="http://www.w3.org/1999/xlink"
                                   xlink:href="nl.imow-gm0363.regeltekst.R20230803152919671134811223"/>
               </r:artikelOfLid>
               <r:locatieaanduiding>
                  <l:LocatieRef xmlns:l="http://www.geostandaarden.nl/imow/locatie"
                                xmlns:xlink="http://www.w3.org/1999/xlink"
                                xlink:href="nl.imow-gm0363.gebiedengroep.R202308031529196711"/>
               </r:locatieaanduiding>
            </r:RegelVoorIedereen>
         </ow-dc:owObject>
      </sl:stand>
   </sl:standBestand>
</ow-dc:owBestand>
