<lvbbu:Consolidaties schemaversie="1.2.0" xmlns:lvbbu="https://standaarden.overheid.nl/lvbb/stop/uitlevering/">
	<lvbbu:Consolidatie>
		<consolidatie:ConsolidatieIdentificatie xmlns:consolidatie="https://standaarden.overheid.nl/stop/imop/consolidatie/">
			<consolidatie:FRBRWork>/akn/nl/act/gemeente/2025/CVDR693449</consolidatie:FRBRWork>
			<consolidatie:soortWork>/join/id/stop/work_006</consolidatie:soortWork>
			<consolidatie:isConsolidatieVan>
				<consolidatie:WorkIdentificatie>
					<consolidatie:FRBRWork>/akn/nl/act/gm0505/2025/R_2025103011_5031749</consolidatie:FRBRWork>
					<consolidatie:soortWork>/join/id/stop/work_019</consolidatie:soortWork>
				</consolidatie:WorkIdentificatie>
			</consolidatie:isConsolidatieVan>
		</consolidatie:ConsolidatieIdentificatie>
		<consolidatie:Toestanden xmlns:consolidatie="https://standaarden.overheid.nl/stop/imop/consolidatie/">
			<consolidatie:bekendOp>2025-10-30</consolidatie:bekendOp>
			<consolidatie:ontvangenOp>2025-10-30</consolidatie:ontvangenOp>
			<consolidatie:BekendeToestand>
				<consolidatie:FRBRExpression>/akn/nl/act/gemeente/2025/CVDR693449/nld@2025-01-01</consolidatie:FRBRExpression>
				<consolidatie:gerealiseerdeDoelen>
					<consolidatie:doel>/join/id/proces/gm0505/2025/D_2025103011_5031749_1</consolidatie:doel>
				</consolidatie:gerealiseerdeDoelen>
				<consolidatie:geldigheid>
					<consolidatie:Geldigheidsperiode>
						<consolidatie:juridischWerkendOp>
							<consolidatie:Periode>
								<consolidatie:vanaf>2025-01-01</consolidatie:vanaf>
							</consolidatie:Periode>
						</consolidatie:juridischWerkendOp>
						<consolidatie:geldigOp>
							<consolidatie:Periode>
								<consolidatie:vanaf>2025-01-01</consolidatie:vanaf>
							</consolidatie:Periode>
						</consolidatie:geldigOp>
					</consolidatie:Geldigheidsperiode>
				</consolidatie:geldigheid>
				<consolidatie:instrumentVersie>/akn/nl/act/gm0505/2025/R_2025103011_5031749/nld@1</consolidatie:instrumentVersie>
			</consolidatie:BekendeToestand>
		</consolidatie:Toestanden>
		<lvbbu:RegelingVersie schemaversie="1.2.0">
			<data:ExpressionIdentificatie xmlns:data="https://standaarden.overheid.nl/stop/imop/data/">
				<data:FRBRWork>/akn/nl/act/gm0505/2025/R_2025103011_5031749</data:FRBRWork>
				<data:FRBRExpression>/akn/nl/act/gm0505/2025/R_2025103011_5031749/nld@1</data:FRBRExpression>
				<data:soortWork>/join/id/stop/work_019</data:soortWork>
			</data:ExpressionIdentificatie>
			<data:RegelingVersieMetadata xmlns:data="https://standaarden.overheid.nl/stop/imop/data/">
				<data:versienummer>1</data:versienummer>
			</data:RegelingVersieMetadata>
			<tekst:RegelingCompact xmlns:tekst="https://standaarden.overheid.nl/stop/imop/tekst/">
				<tekst:RegelingOpschrift eId="longTitle" wId="longTitle">
					<tekst:Al>Officiele titel van de regeling</tekst:Al>
				</tekst:RegelingOpschrift>
				<tekst:Lichaam wId="body" eId="body">
					<tekst:Hoofdstuk wId="gm0505_1__chp_1" eId="chp_1">
						<tekst:Kop>
							<tekst:Label>Hoofdstuk</tekst:Label>
							<tekst:Nummer>1</tekst:Nummer>
							<tekst:Opschrift>Hoofdstuk 1</tekst:Opschrift>
						</tekst:Kop>
						<tekst:Artikel wId="gm0505_1__chp_1__art_1" eId="chp_1__art_1">
							<tekst:Kop>
								<tekst:Label>Artikel</tekst:Label>
								<tekst:Nummer>1</tekst:Nummer>
								<tekst:Opschrift>Artikel 1</tekst:Opschrift>
							</tekst:Kop>
							<tekst:Inhoud>
								<tekst:Al>Inhoud van artikel 1 binnen hoofdstuk 1 binnen lichaam</tekst:Al>
							</tekst:Inhoud>
						</tekst:Artikel>
					</tekst:Hoofdstuk>
				</tekst:Lichaam>
				<tekst:Bijlage eId="cmp_ebc1" wId="gm0505_1__cmp_ebc1">
					<tekst:Kop>
						<tekst:Label>Bijlage</tekst:Label>
						<tekst:Nummer>I</tekst:Nummer>
						<tekst:Opschrift>Overzicht Informatieobjecten en/of Plaatjes</tekst:Opschrift>
					</tekst:Kop>
					<tekst:Divisietekst eId="cmp_ebc1__content_1" wId="gm0505_1__cmp_ebc1__content_1">
						<tekst:Inhoud>
							<tekst:Al>Het volgende informatie-object wordt vastgesteld:</tekst:Al>
							<tekst:Al>Informatie-object <tekst:ExtIoRef eId="cmp_ebc1__content_1__ref_1" wId="gm0505_1__cmp_ebc1__content_1__ref_1" ref="/join/id/regdata/gm0505/2025/IO_2025103011_5031749_1-gio-1/nld@2025-10-30;1">/join/id/regdata/gm0505/2025/IO_2025103011_5031749_1-gio-1/nld@2025-10-30;1</tekst:ExtIoRef>
							</tekst:Al>
						</tekst:Inhoud>
					</tekst:Divisietekst>
				</tekst:Bijlage>
			</tekst:RegelingCompact>
		</lvbbu:RegelingVersie>
		<lvbbu:AnnotatieBijToestand>
			<data:ExpressionIdentificatie xmlns:data="https://standaarden.overheid.nl/stop/imop/data/">
				<data:FRBRWork>/akn/nl/act/gemeente/2025/CVDR693449</data:FRBRWork>
				<data:FRBRExpression>/akn/nl/act/gemeente/2025/CVDR693449/nld@2025-01-01</data:FRBRExpression>
				<data:soortWork>/join/id/stop/work_006</data:soortWork>
			</data:ExpressionIdentificatie>
			<data:RegelingMetadata xmlns:data="https://standaarden.overheid.nl/stop/imop/data/">
				<data:eindverantwoordelijke>/tooi/id/gemeente/gm0505</data:eindverantwoordelijke>
				<data:maker>/tooi/id/gemeente/gm0518</data:maker>
				<data:officieleTitel>Officiele titel van de regeling</data:officieleTitel>
				<data:onderwerpen>
					<data:onderwerp>/tooi/def/concept/c_9d1917e9</data:onderwerp>
				</data:onderwerpen>
				<data:soortRegeling>/join/id/stop/regelingtype_003</data:soortRegeling>
				<data:soortBestuursorgaan>/tooi/def/thes/kern/c_2a7d8663</data:soortBestuursorgaan>
			</data:RegelingMetadata>
		</lvbbu:AnnotatieBijToestand>
	</lvbbu:Consolidatie>
</lvbbu:Consolidaties>