<?xml version="1.0" encoding="UTF-8"?>
<ow-dc:owBestand xmlns:ow-dc="http://www.geostandaarden.nl/imow/bestanden/deelbestand">
   <sl:standBestand xmlns:sl="http://www.geostandaarden.nl/bestanden-ow/standlevering-generiek">
      <sl:dataset>Voorbeeld-dataset</sl:dataset>
      <sl:inhoud>
         <sl:gebied>Voorbeeld-gebied</sl:gebied>
         <sl:leveringsId>ID-IMOW-2025072416-5919657-1</sl:leveringsId>
         <sl:objectTypen>
            <sl:objectType>Ambtsgebied</sl:objectType>
         </sl:objectTypen>
      </sl:inhoud>
      <sl:stand>
         <ow-dc:owObject>
            <l:Ambtsgebied xmlns:l="http://www.geostandaarden.nl/imow/locatie">
               <l:identificatie>nl.imow-gm0518.ambtsgebied.R202507241659196571</l:identificatie>
               <l:bestuurlijkeGrenzenVerwijzing>
                  <l:BestuurlijkeGrenzenVerwijzing>
                     <l:bestuurlijkeGrenzenID>GM0518</l:bestuurlijkeGrenzenID>
                     <l:domein>NL.BI.BestuurlijkGebied</l:domein>
                     <l:geldigOp>2025-01-01</l:geldigOp>
                  </l:BestuurlijkeGrenzenVerwijzing>
               </l:bestuurlijkeGrenzenVerwijzing>
            </l:Ambtsgebied>
         </ow-dc:owObject>
      </sl:stand>
   </sl:standBestand>
</ow-dc:owBestand>
