<?xml version="1.0" encoding="UTF-8"?>
<lvbba:AanleveringInformatieObject xmlns:lvbba="https://standaarden.overheid.nl/lvbb/stop/aanlevering/"
                                   schemaversie="1.2.0">
   <lvbba:InformatieObjectVersie>
      <data:ExpressionIdentificatie xmlns:data="https://standaarden.overheid.nl/stop/imop/data/">
         <data:FRBRWork>/join/id/regdata/gm9920/2025/IO_2025073023_1307557_1-gio-1</data:FRBRWork>
         <data:FRBRExpression>/join/id/regdata/gm9920/2025/IO_2025073023_1307557_1-gio-1/nld@2025-07-30;1</data:FRBRExpression>
         <data:soortWork>/join/id/stop/work_010</data:soortWork>
      </data:ExpressionIdentificatie>
      <data:InformatieObjectVersieMetadata xmlns:data="https://standaarden.overheid.nl/stop/imop/data/">
         <data:heeftGeboorteregeling>/akn/nl/act/gm9920/2025/R_2025073023_1307557</data:heeftGeboorteregeling>
         <data:heeftBestanden>
            <data:heeftBestand>
               <data:Bestand>
                  <data:bestandsnaam>gio-1.gml</data:bestandsnaam>
                  <data:hash>ff04033885cf29041b662b4ea94930ad8a04f8468c9bb5edc7a0cd1a7d599c292b1c6117c71042900bbbd7dcc1ed8cd7e9eff28e986aa7ce87f51eac0fb654b1</data:hash>
               </data:Bestand>
            </data:heeftBestand>
         </data:heeftBestanden>
      </data:InformatieObjectVersieMetadata>
      <data:InformatieObjectMetadata xmlns:data="https://standaarden.overheid.nl/stop/imop/data/">
         <data:eindverantwoordelijke>/tooi/id/gemeente/gm9920</data:eindverantwoordelijke>
         <data:maker>/tooi/id/gemeente/gm9920</data:maker>
         <data:alternatieveTitels>
            <data:alternatieveTitel>alternatieve-titel IO gio-1</data:alternatieveTitel>
         </data:alternatieveTitels>
         <data:naamInformatieObject>naam IO gio-1</data:naamInformatieObject>
         <data:officieleTitel>/join/id/regdata/gm9920/2025/IO_2025073023_1307557_1-gio-1</data:officieleTitel>
         <data:publicatieinstructie>TeConsolideren</data:publicatieinstructie>
         <data:formaatInformatieobject>/join/id/stop/informatieobject/gio_002</data:formaatInformatieobject>
      </data:InformatieObjectMetadata>
   </lvbba:InformatieObjectVersie>
</lvbba:AanleveringInformatieObject>
