<?xml version="1.0" encoding="UTF-8"?>
<AanleveringMededeling xmlns="https://standaarden.overheid.nl/lvbb/stop/aanlevering/"
   xmlns:xsi="http://www.w3.org/2001/XMLSchema-instance"  schemaversie="1.3.0"
   xsi:schemaLocation="http://www.overheid.nl/2017/lvbb https://raw.githubusercontent.com/RicharddeGraaf1/schemaTestsRichard/refs/heads/main/1.4.1/lvbb/lvbb-stop-aanlevering.xsd">
   <MededelingVersie>
      <ExpressionIdentificatie xmlns="https://standaarden.overheid.nl/stop/imop/data/">
         <FRBRWork>/akn/nl/doc/gm0363/2023/M_2023081815_2602968_2</FRBRWork>
         <FRBRExpression>/akn/nl/doc/gm0363/2023/M_2023081815_2602968_2</FRBRExpression>
         <soortWork>/join/id/stop/work_025</soortWork>
      </ExpressionIdentificatie>
      <MededelingMetadata xmlns="https://standaarden.overheid.nl/stop/imop/data/">
         <eindverantwoordelijke>/tooi/id/gemeente/gm0363</eindverantwoordelijke>
         <maker>/tooi/id/gemeente/gm0363</maker>
         <officieleTitel>Mededeling verwerking uitspraak rechter</officieleTitel>
         <onderwerpen>
            <onderwerp>/tooi/def/concept/c_cfc7d5ab</onderwerp>
         </onderwerpen>
         <soortMededeling>/join/id/stop/soortmededeling_001</soortMededeling>
         <mededelingOverRefs>
            <mededelingOver>/akn/nl/bill/gm0363/2023/B_2023080315_2919671_1</mededelingOver>
         </mededelingOverRefs>
      </MededelingMetadata>
      <ConsolidatieInformatie xmlns="https://standaarden.overheid.nl/stop/imop/data/">
         <BeoogdeRegelgeving>
            <BeoogdeRegeling>
               <doelen>
                  <doel>/join/id/proces/gm0363/rechterMededelingVerwerken</doel>
               </doelen>
               <instrumentVersie>/akn/nl/act/gm0363/2023/R_2023080315_2919671/nld@2</instrumentVersie>
            </BeoogdeRegeling>
         </BeoogdeRegelgeving>
         <Tijdstempels>
            <Tijdstempel>
               <doel>/join/id/proces/gm0363/rechterMededelingVerwerken</doel>
               <soortTijdstempel>juridischWerkendVanaf</soortTijdstempel>
               <datum>2023-01-12</datum>
            </Tijdstempel>
         </Tijdstempels>
      </ConsolidatieInformatie>
      <Mededeling xmlns="https://standaarden.overheid.nl/stop/imop/tekst/">
         <RegelingOpschrift wId="longTitle" eId="longTitle">
            <Al>Mededeling van testeiland</Al>
         </RegelingOpschrift>
         <Lichaam wId="body" eId="body">
            <Divisietekst wId="gm0363_1__content_o_1" eId="content_o_1">
               <Inhoud>
                  <Al>De rechter heeft iets geroepen over onze regeling en daar zijn we met z'n
                     allen heel verdrietig over.</Al>
               </Inhoud>
            </Divisietekst>
            <Mededelingtekst wId="gm0363_1__content_o_2" eId="content_o_2">
               <RegelingMutatie componentnaam="rechter"
                  was="/akn/nl/act/gm0363/2023/R_2023080315_2919671/nld@1"
                  wordt="/akn/nl/act/gm0363/2023/R_2023080315_2919671/nld@2">
                  <Vervang wat="gm0363_1__chp_1__art_1" revisie="1">
                     <Artikel wId="gm0363_1__chp_1__art_1" eId="chp_1__art_1">
                        <Kop>
                           <Label>Artikel</Label>
                           <Nummer>1</Nummer>
                           <Opschrift>Artikel 1</Opschrift>
                        </Kop>
                        <Inhoud>
                           <Al><VerwijderdeTekst>Inhoud van artikel 1</VerwijderdeTekst>
                              <NieuweTekst>Dit is aangepast n.a.v. wat de rechter riep</NieuweTekst> 
                              binnen hoofdstuk 1 binnen lichaam</Al>
                        </Inhoud>
                     </Artikel>
                  </Vervang>
               </RegelingMutatie>
            </Mededelingtekst>
         </Lichaam>

      </Mededeling>
   </MededelingVersie>
</AanleveringMededeling>
