<?xml version="1.0" encoding="utf-8"?>
<mow:Aanleveringen xmlns:xsi="http://www.w3.org/2001/XMLSchema-instance"
   xmlns:mow="http://www.geostandaarden.nl/bestanden-ow/manifest-ow"
   xsi:schemaLocation="http://www.geostandaarden.nl/bestanden-ow/manifest-ow https://register.geostandaarden.nl/xmlschema/tpod/v3.1.0/bestanden-ow/generiek/manifest-ow.xsd">
   <mow:domein>omgevingswet</mow:domein>
   <mow:Aanlevering>
      <mow:WorkIDRegeling>/akn/nl/act/gm0518/2023/R_2023080315_2919671</mow:WorkIDRegeling>
      <mow:DoelID>/join/id/proces/gm0518/rechterMededelingVerwerken</mow:DoelID>
      <mow:Bestand>
         <mow:naam>owRegeltekst.xml</mow:naam>
         <mow:objecttype>Regeltekst</mow:objecttype>
         <mow:objecttype>RegelVoorIedereen</mow:objecttype>
      </mow:Bestand>
      <mow:Bestand>
         <mow:naam>owLocaties.xml</mow:naam>
         <mow:objecttype>Gebiedengroep</mow:objecttype>
         <mow:objecttype>Gebied</mow:objecttype>
      </mow:Bestand>
      <mow:Bestand>
         <mow:naam>owRegelingsgebied.xml</mow:naam>
         <mow:objecttype>Regelingsgebied</mow:objecttype>
      </mow:Bestand>
   </mow:Aanlevering>
</mow:Aanleveringen>
