<?xml version="1.0" encoding="UTF-8"?>
<AanleveringMededeling xmlns="https://standaarden.overheid.nl/lvbb/stop/aanlevering/"
   xmlns:xsi="http://www.w3.org/2001/XMLSchema-instance"  schemaversie="1.3.0"
   xsi:schemaLocation="http://www.overheid.nl/2017/lvbb https://raw.githubusercontent.com/RicharddeGraaf1/schemaTestsRichard/refs/heads/main/1.4.1/lvbb/lvbb-stop-aanlevering.xsd">
   <MededelingVersie>
      <ExpressionIdentificatie xmlns="https://standaarden.overheid.nl/stop/imop/data/">
         <FRBRWork>/akn/nl/doc/gm0518/2023/M_2023081815_2602968_2</FRBRWork>
         <FRBRExpression>/akn/nl/doc/gm0518/2023/M_2023081815_2602968_2</FRBRExpression>
         <soortWork>/join/id/stop/work_025</soortWork>
      </ExpressionIdentificatie>
      <MededelingMetadata xmlns="https://standaarden.overheid.nl/stop/imop/data/">
         <eindverantwoordelijke>/tooi/id/gemeente/gm0518</eindverantwoordelijke>
         <maker>/tooi/id/gemeente/gm0518</maker>
         <officieleTitel>Mededeling verwerking uitspraak rechter</officieleTitel>
         <onderwerpen>
            <onderwerp>/tooi/def/concept/c_cfc7d5ab</onderwerp>
         </onderwerpen>
         <soortMededeling>/tooi/def/thes/kern/c_245e0743</soortMededeling> 
         <!--behoud rechtsgevolgen dus geen RegelingMutatie-->
         <mededelingOverRefs>
            <mededelingOver>/akn/nl/bill/gm0518/2025/B_2025072416_5919657_1</mededelingOver>
         </mededelingOverRefs>
      </MededelingMetadata>
      <Mededeling xmlns="https://standaarden.overheid.nl/stop/imop/tekst/">
         <RegelingOpschrift wId="longTitle" eId="longTitle">
            <Al>Mededeling van testeiland</Al>
         </RegelingOpschrift>
         <Lichaam wId="body" eId="body">
            <Divisietekst wId="gm0518_1__content_o_1" eId="content_o_1">
               <Inhoud>
                  <Al>De rechter heeft iets geroepen over onze regeling en daar zijn we met z'n
                     allen heel verdrietig over.</Al>
               </Inhoud>
            </Divisietekst>
         </Lichaam>
      </Mededeling>
   </MededelingVersie>
</AanleveringMededeling>
