<lvbba:AanleveringInformatieObject schemaversie="1.2.0" xmlns:lvbba="https://standaarden.overheid.nl/lvbb/stop/aanlevering/">
  <lvbba:InformatieObjectVersie>
    <data:ExpressionIdentificatie xmlns:data="https://standaarden.overheid.nl/stop/imop/data/">
      <data:FRBRWork>/join/id/regdata/gm0505/2025/IO_2025103011_5031749_1-gio-1</data:FRBRWork>
      <data:FRBRExpression>/join/id/regdata/gm0505/2025/IO_2025103011_5031749_1-gio-1/nld@2025-10-30;1</data:FRBRExpression>
      <data:soortWork>/join/id/stop/work_010</data:soortWork>
    </data:ExpressionIdentificatie>
    <data:InformatieObjectVersieMetadata xmlns:data="https://standaarden.overheid.nl/stop/imop/data/">
      <data:heeftGeboorteregeling>/akn/nl/act/gm0505/2025/R_2025103011_5031749</data:heeftGeboorteregeling>
      <data:heeftBestanden>
	<data:heeftBestand>
	  <data:Bestand>
	    <data:bestandsnaam>gio-1.gml</data:bestandsnaam>
	    <data:hash>2d971252d630e6d28c087a923caa2d7b4b1163824276e9a79c32ce9245ec3ae58044baaa831ea45e9098330881c7debea7524ca558655b6a60d415ccb6c90ebc</data:hash>
	  </data:Bestand>
	</data:heeftBestand>
      </data:heeftBestanden>
    </data:InformatieObjectVersieMetadata>
    <data:InformatieObjectMetadata xmlns:data="https://standaarden.overheid.nl/stop/imop/data/">
      <data:eindverantwoordelijke>/tooi/id/gemeente/gm0505</data:eindverantwoordelijke>
      <data:maker>/tooi/id/gemeente/gm0518</data:maker>
      <data:alternatieveTitels>
	<data:alternatieveTitel>alternatieve-titel IO gio-1</data:alternatieveTitel>
      </data:alternatieveTitels>
      <data:naamInformatieObject>naam IO gio-1</data:naamInformatieObject>
      <data:officieleTitel>/join/id/regdata/gm0505/2025/IO_2025103011_5031749_1-gio-1</data:officieleTitel>
      <data:publicatieinstructie>TeConsolideren</data:publicatieinstructie>
      <data:formaatInformatieobject>/join/id/stop/informatieobject/gio_002</data:formaatInformatieobject>
    </data:InformatieObjectMetadata>
  </lvbba:InformatieObjectVersie>
</lvbba:AanleveringInformatieObject>