<mow:Aanleveringen xmlns:mow="http://www.geostandaarden.nl/bestanden-ow/manifest-ow">
  <mow:domein>omgevingswet</mow:domein>
  <mow:Aanlevering>
    <mow:WorkIDRegeling>/akn/nl/act/gm0505/2025/R_2025103011_5031749</mow:WorkIDRegeling>
    <mow:DoelID>/join/id/proces/gm0505/2025/D_2025103011_5031749_1</mow:DoelID>
    <mow:Bestand>
      <mow:naam>owRegeltekst.xml</mow:naam>
      <mow:objecttype>Regeltekst</mow:objecttype>
      <mow:objecttype>RegelVoorIedereen</mow:objecttype>
    </mow:Bestand>
    <mow:Bestand>
      <mow:naam>owLocaties.xml</mow:naam>
      <mow:objecttype>Gebiedengroep</mow:objecttype>
      <mow:objecttype>Gebied</mow:objecttype>
    </mow:Bestand>
    <mow:Bestand>
      <mow:naam>owRegelingsgebied.xml</mow:naam>
      <mow:objecttype>Regelingsgebied</mow:objecttype>
    </mow:Bestand>
  </mow:Aanlevering>
</mow:Aanleveringen>