<lvbb:manifest xmlns:lvbb="http://www.overheid.nl/2017/lvbb">
  <lvbb:bestand>
    <lvbb:bestandsnaam>manifest.xml</lvbb:bestandsnaam>
    <lvbb:contentType>application/xml</lvbb:contentType>
  </lvbb:bestand>
  <lvbb:bestand>
    <lvbb:bestandsnaam>consolidaties.xml</lvbb:bestandsnaam>
    <lvbb:contentType>application/xml</lvbb:contentType>
  </lvbb:bestand>
  <lvbb:bestand>
    <lvbb:bestandsnaam>proefversiebesluit.xml</lvbb:bestandsnaam>
    <lvbb:contentType>application/xml</lvbb:contentType>
  </lvbb:bestand>
  <lvbb:bestand>
    <lvbb:bestandsnaam>owLocaties.xml</lvbb:bestandsnaam>
    <lvbb:contentType>application/xml</lvbb:contentType>
  </lvbb:bestand>
  <lvbb:bestand>
    <lvbb:bestandsnaam>gio-1.xml</lvbb:bestandsnaam>
    <lvbb:contentType>application/xml</lvbb:contentType>
  </lvbb:bestand>
  <lvbb:bestand>
    <lvbb:bestandsnaam>owRegelingsgebied.xml</lvbb:bestandsnaam>
    <lvbb:contentType>application/xml</lvbb:contentType>
  </lvbb:bestand>
  <lvbb:bestand>
    <lvbb:bestandsnaam>manifest-ow.xml</lvbb:bestandsnaam>
    <lvbb:contentType>application/xml</lvbb:contentType>
  </lvbb:bestand>
  <lvbb:bestand>
    <lvbb:bestandsnaam>owRegeltekst.xml</lvbb:bestandsnaam>
    <lvbb:contentType>application/xml</lvbb:contentType>
  </lvbb:bestand>
  <lvbb:bestand>
    <lvbb:bestandsnaam>gio-1.gml</lvbb:bestandsnaam>
    <lvbb:contentType>application/gml+xml</lvbb:contentType>
  </lvbb:bestand>
</lvbb:manifest>