<ow-dc:owBestand xmlns:ow-dc="http://www.geostandaarden.nl/imow/bestanden/deelbestand">
   <sl:standBestand xmlns:sl="http://www.geostandaarden.nl/bestanden-ow/standlevering-generiek">
      <sl:dataset>Voorbeeld-dataset</sl:dataset>
      <sl:inhoud>
         <sl:gebied>Voorbeeld-gebied</sl:gebied>
         <sl:leveringsId>ID-IMOW-2025103011-5031749-1</sl:leveringsId>
         <sl:objectTypen>
            <sl:objectType>Gebiedengroep</sl:objectType>
            <sl:objectType>Gebied</sl:objectType>
         </sl:objectTypen>
      </sl:inhoud>
      <sl:stand>
         <ow-dc:owObject>
            <l:Gebied xmlns:l="http://www.geostandaarden.nl/imow/locatie">
               <l:identificatie>nl.imow-gm0505.gebied.0e0f52c0c5954bf0b6adee4cc2b5ab1f</l:identificatie>
               <l:geometrie>
                  <l:GeometrieRef xlink:href="0e0f52c0-c595-4bf0-b6ad-ee4cc2b5ab1f" xmlns:xlink="http://www.w3.org/1999/xlink"/>
               </l:geometrie>
            </l:Gebied>
         </ow-dc:owObject>
      </sl:stand>
      <sl:stand>
         <ow-dc:owObject>
            <l:Gebiedengroep xmlns:l="http://www.geostandaarden.nl/imow/locatie">
               <l:identificatie>nl.imow-gm0505.gebiedengroep.R202510301150317491</l:identificatie>
               <l:noemer>Voorbeeld-gebied-R202510301150317491</l:noemer>
               <l:groepselement>
                  <l:GebiedRef xlink:href="nl.imow-gm0505.gebied.0e0f52c0c5954bf0b6adee4cc2b5ab1f" xmlns:xlink="http://www.w3.org/1999/xlink"/>
               </l:groepselement>
            </l:Gebiedengroep>
         </ow-dc:owObject>
      </sl:stand>
   </sl:standBestand>
</ow-dc:owBestand>