<ow-dc:owBestand xmlns:ow-dc="http://www.geostandaarden.nl/imow/bestanden/deelbestand">
   <sl:standBestand xmlns:sl="http://www.geostandaarden.nl/bestanden-ow/standlevering-generiek">
      <sl:dataset>Voorbeeld-dataset</sl:dataset>
      <sl:inhoud>
         <sl:gebied>Voorbeeld-gebied</sl:gebied>
         <sl:leveringsId>ID-IMOW-2025103011-5031749-1</sl:leveringsId>
         <sl:objectTypen>
            <sl:objectType>Regeltekst</sl:objectType>
            <sl:objectType>RegelVoorIedereen</sl:objectType>
         </sl:objectTypen>
      </sl:inhoud>
      <sl:stand>
         <ow-dc:owObject>
            <r:Regeltekst wId="gm0505_1__chp_1__art_1" xmlns:r="http://www.geostandaarden.nl/imow/regels">
               <r:identificatie>nl.imow-gm0505.regeltekst.R20251030115031749133978932</r:identificatie>
            </r:Regeltekst>
         </ow-dc:owObject>
      </sl:stand>
      <sl:stand>
         <ow-dc:owObject>
            <r:RegelVoorIedereen xmlns:r="http://www.geostandaarden.nl/imow/regels">
               <r:identificatie>nl.imow-gm0505.juridischeregel.R20251030115031749133978932</r:identificatie>
               <r:idealisatie>http://standaarden.omgevingswet.overheid.nl/idealisatie/id/concept/Exact</r:idealisatie>
               <r:artikelOfLid>
                  <r:RegeltekstRef xlink:href="nl.imow-gm0505.regeltekst.R20251030115031749133978932" xmlns:xlink="http://www.w3.org/1999/xlink"/>
               </r:artikelOfLid>
               <r:locatieaanduiding>
                  <l:LocatieRef xlink:href="nl.imow-gm0505.gebiedengroep.R202510301150317491" xmlns:l="http://www.geostandaarden.nl/imow/locatie" xmlns:xlink="http://www.w3.org/1999/xlink"/>
               </r:locatieaanduiding>
            </r:RegelVoorIedereen>
         </ow-dc:owObject>
      </sl:stand>
   </sl:standBestand>
</ow-dc:owBestand>