<lvbbu:UitleveringProefversieBesluit schemaversie="1.2.0" xmlns:lvbbu="https://standaarden.overheid.nl/lvbb/stop/uitlevering/">
  <data:ExpressionIdentificatie xmlns:data="https://standaarden.overheid.nl/stop/imop/data/">
    <data:FRBRWork>/akn/nl/bill/gm0505/2025/B_2025103011_5031749_1</data:FRBRWork>
    <data:FRBRExpression>/akn/nl/bill/gm0505/2025/B_2025103011_5031749_1/nld@2025-10-30;1</data:FRBRExpression>
    <data:soortWork>/join/id/stop/work_003</data:soortWork>
  </data:ExpressionIdentificatie>
  <data:Procedureverloop xmlns:data="https://standaarden.overheid.nl/stop/imop/data/">
    <data:bekendOp>2025-10-30</data:bekendOp>
    <data:ontvangenOp>2025-10-30</data:ontvangenOp>
    <data:procedurestappen>
      <data:Procedurestap>
	<data:soortStap>/join/id/stop/procedure/stap_003</data:soortStap>
	<data:voltooidOp>2025-10-30</data:voltooidOp>
      </data:Procedurestap>
      <data:Procedurestap>
	<data:soortStap>/join/id/stop/procedure/stap_004</data:soortStap>
	<data:voltooidOp>2025-10-30</data:voltooidOp>
      </data:Procedurestap>
    </data:procedurestappen>
  </data:Procedureverloop>
  <data:BesluitMetadata xmlns:data="https://standaarden.overheid.nl/stop/imop/data/">
    <data:eindverantwoordelijke>/tooi/id/gemeente/gm0505</data:eindverantwoordelijke>
    <data:informatieobjectRefs>
      <data:informatieobjectRef>/join/id/regdata/gm0505/2025/IO_2025103011_5031749_1-gio-1/nld@2025-10-30;1</data:informatieobjectRef>
    </data:informatieobjectRefs>
    <data:maker>/tooi/id/gemeente/gm0518</data:maker>
    <data:officieleTitel>Officiele titel van de aanlevering</data:officieleTitel>
    <data:onderwerpen>
      <data:onderwerp>/tooi/def/concept/c_9d1917e9</data:onderwerp>
    </data:onderwerpen>
    <data:soortProcedure>/join/id/stop/proceduretype_definitief</data:soortProcedure>
    <data:soortBestuursorgaan>/tooi/def/thes/kern/c_2a7d8663</data:soortBestuursorgaan>
  </data:BesluitMetadata>
  <lvbbu:Proefversies>
    <consolidatie:bekendOp xmlns:consolidatie="https://standaarden.overheid.nl/stop/imop/consolidatie/">2025-10-30</consolidatie:bekendOp>
    <consolidatie:ontvangenOp xmlns:consolidatie="https://standaarden.overheid.nl/stop/imop/consolidatie/">2025-10-30</consolidatie:ontvangenOp>
    <lvbbu:Proefversie>
      <consolidatie:gerealiseerdeDoelen xmlns:consolidatie="https://standaarden.overheid.nl/stop/imop/consolidatie/">
	<consolidatie:doel>/join/id/proces/gm0505/2025/D_2025103011_5031749_1</consolidatie:doel>
      </consolidatie:gerealiseerdeDoelen>
      <consolidatie:instrumentVersie xmlns:consolidatie="https://standaarden.overheid.nl/stop/imop/consolidatie/">/akn/nl/act/gm0505/2025/R_2025103011_5031749/nld@1</consolidatie:instrumentVersie>
    </lvbbu:Proefversie>
  </lvbbu:Proefversies>
  <lvbbu:RegelingVersie schemaversie="1.2.0">
    <data:ExpressionIdentificatie xmlns:data="https://standaarden.overheid.nl/stop/imop/data/">
      <data:FRBRWork>/akn/nl/act/gm0505/2025/R_2025103011_5031749</data:FRBRWork>
      <data:FRBRExpression>/akn/nl/act/gm0505/2025/R_2025103011_5031749/nld@1</data:FRBRExpression>
      <data:soortWork>/join/id/stop/work_019</data:soortWork>
    </data:ExpressionIdentificatie>
    <data:RegelingVersieMetadata xmlns:data="https://standaarden.overheid.nl/stop/imop/data/">
      <data:versienummer>1</data:versienummer>
    </data:RegelingVersieMetadata>
    <tekst:RegelingCompact xmlns:tekst="https://standaarden.overheid.nl/stop/imop/tekst/">
      <tekst:RegelingOpschrift eId="longTitle" wId="longTitle">
	<tekst:Al>Officiele titel van de regeling</tekst:Al>
      </tekst:RegelingOpschrift>
      <tekst:Lichaam wId="body" eId="body">
	<tekst:Hoofdstuk wId="gm0505_1__chp_1" eId="chp_1">
	  <tekst:Kop>
	    <tekst:Label>Hoofdstuk</tekst:Label>
	    <tekst:Nummer>1</tekst:Nummer>
	    <tekst:Opschrift>Hoofdstuk 1</tekst:Opschrift>
	  </tekst:Kop>
	  <tekst:Artikel wId="gm0505_1__chp_1__art_1" eId="chp_1__art_1">
	    <tekst:Kop>
	      <tekst:Label>Artikel</tekst:Label>
	      <tekst:Nummer>1</tekst:Nummer>
	      <tekst:Opschrift>Artikel 1</tekst:Opschrift>
	    </tekst:Kop>
	    <tekst:Inhoud>
	      <tekst:Al>Inhoud van artikel 1 binnen hoofdstuk 1 binnen lichaam</tekst:Al>
	    </tekst:Inhoud>
	  </tekst:Artikel>
	</tekst:Hoofdstuk>
      </tekst:Lichaam>
      <tekst:Bijlage eId="cmp_ebc1" wId="gm0505_1__cmp_ebc1">
	<tekst:Kop>
	  <tekst:Label>Bijlage</tekst:Label>
	  <tekst:Nummer>I</tekst:Nummer>
	  <tekst:Opschrift>Overzicht Informatieobjecten en/of Plaatjes</tekst:Opschrift>
	</tekst:Kop>
	<tekst:Divisietekst eId="cmp_ebc1__content_1" wId="gm0505_1__cmp_ebc1__content_1">
	  <tekst:Inhoud>
	    <tekst:Al>Het volgende informatie-object wordt vastgesteld:</tekst:Al>
	    <tekst:Al>Informatie-object <tekst:ExtIoRef eId="cmp_ebc1__content_1__ref_1" wId="gm0505_1__cmp_ebc1__content_1__ref_1" ref="/join/id/regdata/gm0505/2025/IO_2025103011_5031749_1-gio-1/nld@2025-10-30;1">/join/id/regdata/gm0505/2025/IO_2025103011_5031749_1-gio-1/nld@2025-10-30;1</tekst:ExtIoRef>
                        </tekst:Al>
	  </tekst:Inhoud>
	</tekst:Divisietekst>
      </tekst:Bijlage>
    </tekst:RegelingCompact>
  </lvbbu:RegelingVersie>
  <lvbbu:AnnotatieBijProefversie>
    <data:ExpressionIdentificatie xmlns:data="https://standaarden.overheid.nl/stop/imop/data/">
      <data:FRBRWork>/akn/nl/act/gm0505/2025/R_2025103011_5031749</data:FRBRWork>
      <data:FRBRExpression>/akn/nl/act/gm0505/2025/R_2025103011_5031749/nld@1</data:FRBRExpression>
      <data:soortWork>/join/id/stop/work_019</data:soortWork>
    </data:ExpressionIdentificatie>
    <data:RegelingMetadata xmlns:data="https://standaarden.overheid.nl/stop/imop/data/">
      <data:eindverantwoordelijke>/tooi/id/gemeente/gm0505</data:eindverantwoordelijke>
      <data:maker>/tooi/id/gemeente/gm0518</data:maker>
      <data:officieleTitel>Officiele titel van de regeling</data:officieleTitel>
      <data:onderwerpen>
	<data:onderwerp>/tooi/def/concept/c_9d1917e9</data:onderwerp>
      </data:onderwerpen>
      <data:soortRegeling>/join/id/stop/regelingtype_003</data:soortRegeling>
      <data:soortBestuursorgaan>/tooi/def/thes/kern/c_2a7d8663</data:soortBestuursorgaan>
    </data:RegelingMetadata>
  </lvbbu:AnnotatieBijProefversie>
</lvbbu:UitleveringProefversieBesluit>