<?xml version="1.0" encoding="UTF-8"?>
<lvbb:procedureverloopmutatieOpdracht xmlns:lvbb="http://www.overheid.nl/2017/lvbb" 
   xmlns:xsi="http://www.w3.org/2001/XMLSchema-instance" 
   xsi:schemaLocation="http://www.overheid.nl/2017/lvbb https://raw.githubusercontent.com/RicharddeGraaf1/schemaTestsRichard/refs/heads/main/1.4.1/lvbb/lvbb-transport.xsd">
   <lvbb:idLevering>RdG_standaardTest2025072513_1417534_3</lvbb:idLevering>
   <lvbb:idBevoegdGezag>00000001003214345000</lvbb:idBevoegdGezag>
   <lvbb:idAanleveraar>00000001003214345000</lvbb:idAanleveraar>
   <lvbb:procedureverloopmutatie>procedureverloopmutatie.xml</lvbb:procedureverloopmutatie>
</lvbb:procedureverloopmutatieOpdracht>
