<?xml version="1.0" encoding="UTF-8"?>
<ow-dc:owBestand xmlns:ow-dc="http://www.geostandaarden.nl/imow/bestanden/deelbestand">
   <sl:standBestand xmlns:sl="http://www.geostandaarden.nl/bestanden-ow/standlevering-generiek">
      <sl:dataset>Voorbeeld-dataset</sl:dataset>
      <sl:inhoud>
         <sl:gebied>Voorbeeld-gebied</sl:gebied>
         <sl:leveringsId>ID-IMOW-2025072513-4802711-1</sl:leveringsId>
         <sl:objectTypen>
            <sl:objectType>Gebiedengroep</sl:objectType>
            <sl:objectType>Gebied</sl:objectType>
         </sl:objectTypen>
      </sl:inhoud>
      <sl:stand>
         <ow-dc:owObject>
            <l:Gebied xmlns:l="http://www.geostandaarden.nl/imow/locatie">
               <l:identificatie>nl.imow-gm9920.gebied.83ee60fed5544f5ea30bbf1b83d226ce</l:identificatie>
               <l:geometrie>
                  <l:GeometrieRef xmlns:xlink="http://www.w3.org/1999/xlink"
                                  xlink:href="83ee60fe-d554-4f5e-a30b-bf1b83d226ce"/>
               </l:geometrie>
            </l:Gebied>
         </ow-dc:owObject>
      </sl:stand>
      <sl:stand>
         <ow-dc:owObject>
            <l:Gebiedengroep xmlns:l="http://www.geostandaarden.nl/imow/locatie">
               <l:identificatie>nl.imow-gm9920.gebiedengroep.R202507251348027111</l:identificatie>
               <l:noemer>Voorbeeld-gebied-R202507251348027111</l:noemer>
               <l:groepselement>
                  <l:GebiedRef xmlns:xlink="http://www.w3.org/1999/xlink"
                               xlink:href="nl.imow-gm9920.gebied.83ee60fed5544f5ea30bbf1b83d226ce"/>
               </l:groepselement>
            </l:Gebiedengroep>
         </ow-dc:owObject>
      </sl:stand>
   </sl:standBestand>
</ow-dc:owBestand>
