<?xml version="1.0" encoding="utf-8"?>
<!--Voor validatie is het noodzakelijk om ook de catalogi van de gepubliceerde versie 1.0.4 te laden.-->
<AanleveringProcedureverloopmutatie xmlns="https://standaarden.overheid.nl/lvbb/stop/aanlevering/"
   xmlns:xsi="http://www.w3.org/2001/XMLSchema-instance" schemaversie="1.3.0"
   xsi:schemaLocation="https://standaarden.overheid.nl/lvbb/stop/aanlevering/ https://raw.githubusercontent.com/RicharddeGraaf1/schemaTestsRichard/refs/heads/main/1.4.1/lvbb/lvbb-stop-aanlevering.xsd">

   <ProcedureverloopmutatieVersie>
      <mededelingOver xmlns="https://standaarden.overheid.nl/stop/imop/data/">/akn/nl/bill/gm9920/2025/B_2025072513_4802711_1/nld@2025-07-25;1</mededelingOver>
      <Procedureverloopmutatie xmlns="https://standaarden.overheid.nl/stop/imop/data/">
         <bekendOp>2025-07-25</bekendOp>
         <voegStappenToe>
            <Procedurestap>
               <soortStap>/join/id/stop/procedure/stap_018</soortStap> 
               <!--start beroepsprocedures-->
               <voltooidOp>2025-07-31</voltooidOp>
            </Procedurestap>
            <Procedurestap>
               <soortStap>/join/id/stop/procedure/stap_023</soortStap>
               <!--uitspraak voorlopige voorziening-->
               <voltooidOp>2025-08-01</voltooidOp>
               <meerInformatie>https://www.raadvanstate.nl/uitspraken/</meerInformatie>
            </Procedurestap>
         </voegStappenToe>
      </Procedureverloopmutatie>
   </ProcedureverloopmutatieVersie>
</AanleveringProcedureverloopmutatie>
