<?xml version="1.0" encoding="UTF-8"?>
<lvbb:manifest 
   xmlns:lvbb="http://www.overheid.nl/2017/lvbb"    
   xmlns:xsi="http://www.w3.org/2001/XMLSchema-instance" 
   xsi:schemaLocation="https://standaarden.overheid.nl/lvbb/stop/aanlevering/ https://raw.githubusercontent.com/RicharddeGraaf1/schemaTestsRichard/refs/heads/main/1.4.1/lvbb/lvbb-transport.xsd">
   <lvbb:bestand>
      <lvbb:bestandsnaam>manifest.xml</lvbb:bestandsnaam>
      <lvbb:contentType>application/xml</lvbb:contentType>
   </lvbb:bestand>
   <lvbb:bestand>
      <lvbb:bestandsnaam>manifest-ow.xml</lvbb:bestandsnaam>
      <lvbb:contentType>application/xml</lvbb:contentType>
   </lvbb:bestand>
   <lvbb:bestand>
      <lvbb:bestandsnaam>opdracht.xml</lvbb:bestandsnaam>
      <lvbb:contentType>application/xml</lvbb:contentType>
   </lvbb:bestand>
   <lvbb:bestand>
      <lvbb:bestandsnaam>rectificatie.xml</lvbb:bestandsnaam>
      <lvbb:contentType>application/xml</lvbb:contentType>
   </lvbb:bestand>
</lvbb:manifest>
