<?xml version="1.0" encoding="UTF-8"?>
<AanleveringRectificatie xmlns="https://standaarden.overheid.nl/lvbb/stop/aanlevering/"
   xmlns:xsi="http://www.w3.org/2001/XMLSchema-instance"  schemaversie="1.3.0"
   xsi:schemaLocation="http://www.overheid.nl/2017/lvbb https://raw.githubusercontent.com/RicharddeGraaf1/schemaTestsRichard/refs/heads/main/1.4.1/lvbb/lvbb-stop-aanlevering.xsd">
   <RectificatieVersie>
      <data:ExpressionIdentificatie xmlns:data="https://standaarden.overheid.nl/stop/imop/data/">
         <data:FRBRWork>/akn/nl/doc/gm9920/2023/K_2023081815_2602968_2</data:FRBRWork>
         <data:FRBRExpression>/akn/nl/doc/gm9920/2023/K_2023081815_2602968_2/nld@2023-08-18;2</data:FRBRExpression>
         <data:soortWork>/join/id/stop/work_023</data:soortWork>
      </data:ExpressionIdentificatie>
      <RectificatieMetadata xmlns="https://standaarden.overheid.nl/stop/imop/data/">
         <eindverantwoordelijke>/tooi/id/gemeente/gm0363</eindverantwoordelijke>
         <maker>/tooi/id/gemeente/gm0363</maker>
         <officieleTitel>Rectificatie</officieleTitel>
         <mededelingOver>/akn/nl/bill/gm0363/2023/B_2023080315_2919671_1/nld@2023-08-03;1</mededelingOver>
         <onderwerpen>
            <onderwerp>/tooi/def/concept/c_9d1917e9</onderwerp>
         </onderwerpen>
      </RectificatieMetadata>
      <ConsolidatieInformatie xmlns="https://standaarden.overheid.nl/stop/imop/data/">
         <BeoogdeRegelgeving>
            <BeoogdeRegeling>
               <doelen>
                  <doel>/join/id/proces/gm0363/2023/D_2023080315_2919671_2</doel>
               </doelen>
               <instrumentVersie>/akn/nl/act/gm0363/2023/R_2023080315_2919671/nld@2</instrumentVersie>
               <eId>!hoppaa#art_besluit2</eId>
            </BeoogdeRegeling>
            <BeoogdInformatieobject>
               <doelen>
                  <doel>/join/id/proces/gm0363/2023/D_2023080315_2919671_2</doel>
               </doelen>
               <instrumentVersie>/join/id/regdata/gm0363/2023/IO_2023080315_2919671_1-gio-1/nld@2023-08-03;2</instrumentVersie>
               <eId>!boeitNiet#cmp_ebc1__content_1__ref_1</eId>
            </BeoogdInformatieobject>
         </BeoogdeRegelgeving>
         <Tijdstempels>
            <Tijdstempel>
               <doel>/join/id/proces/gm0363/2023/D_2023080315_2919671_2</doel>
               <soortTijdstempel>juridischWerkendVanaf</soortTijdstempel>
               <datum>2023-01-31</datum>
               <eId>art_besluit2</eId>
            </Tijdstempel>
         </Tijdstempels>
      </ConsolidatieInformatie>
      <Rectificatie xmlns="https://standaarden.overheid.nl/stop/imop/tekst/">
         <RegelingOpschrift eId="longTitle" wId="longTitle">
            <Al>Officiele titel van de aanlevering</Al>
         </RegelingOpschrift>
         <Lichaam eId="body" wId="body">
            <Rectificatietekst eId="content_o_1" wId="gm0363_1__content_o_1">
               <Al>Hoi, ik ga iets rectificeren, wat heb ik een dom foutje gemaakt. Ik schaam me zo erg. Oh wat een schaamte.</Al>
               <BesluitMutatie componentnaam="hoppaa" >
                  <Vervang wat="gm0363_1__art_besluit2">
                     <Artikel eId="art_besluit2" wId="gm0363_1__art_besluit2">
                        <Kop>
                           <Label>Artikel</Label>
                           <Nummer>II</Nummer>
                        </Kop>
                        <Inhoud>
                           <Al>Dit besluit treedt in werking per <VerwijderdeTekst>01-01-2023</VerwijderdeTekst><NieuweTekst>31-01-2023</NieuweTekst></Al>
                        </Inhoud>
                     </Artikel>
                  </Vervang>
               </BesluitMutatie>
            </Rectificatietekst>
            <Rectificatietekst wId="gm0363_1__content_o_2" eId="content_o_2">
               <RegelingMutatie componentnaam="boeitNiet" was="/akn/nl/act/gm0363/2023/R_2023080315_2919671/nld@1" wordt="/akn/nl/act/gm0363/2023/R_2023080315_2919671/nld@2">
                  <Vervang wat="gm0363_1__cmp_ebc1__content_1">
                     <Divisietekst eId="cmp_ebc1__content_1" wId="gm0363_1__cmp_ebc1__content_1">
                        <Inhoud>
                           <Al>Het volgende informatie-object wordt vastgesteld:</Al>
                           <Al wijzigactie="verwijder">Informatie-object <ExtIoRef eId="cmp_ebc1__content_1__ref_1_inst2"
                              wId="gm0363_1__cmp_ebc1__content_1__ref_1_inst2"
                              ref="/join/id/regdata/gm0363/2023/IO_2023080315_2919671_1-gio-1/nld@2023-08-03;1">/join/id/regdata/gm0363/2023/IO_2023080315_2919671_1-gio-1/nld@2023-08-03;1</ExtIoRef>
                           </Al>
                           <Al wijzigactie="voegtoe">Informatie-object <ExtIoRef eId="cmp_ebc1__content_1__ref_1"
                              wId="gm0363_1__cmp_ebc1__content_1__ref_1"
                              ref="/join/id/regdata/gm0363/2023/IO_2023080315_2919671_1-gio-1/nld@2023-08-03;2">/join/id/regdata/gm0363/2023/IO_2023080315_2919671_1-gio-1/nld@2023-08-03;2</ExtIoRef>
                           </Al>
                        </Inhoud>
                     </Divisietekst>
                  </Vervang>
               </RegelingMutatie>
            </Rectificatietekst>
         </Lichaam>
      </Rectificatie>
   </RectificatieVersie>
</AanleveringRectificatie>
