<?xml version="1.0" encoding="UTF-8"?>
<AanleveringInformatieObject xmlns="https://standaarden.overheid.nl/lvbb/stop/aanlevering/"
   xmlns:geo="https://standaarden.overheid.nl/stop/imop/geo/"
   xmlns:xsi="http://www.w3.org/2001/XMLSchema-instance"
   schemaversie="1.3.0"
   xsi:schemaLocation="https://standaarden.overheid.nl/lvbb/stop/aanlevering https://raw.githubusercontent.com/RicharddeGraaf1/schemaTestsRichard/refs/heads/main/1.4.1/lvbb/lvbb-stop-aanlevering.xsd">
   <InformatieObjectVersie>
      <ExpressionIdentificatie xmlns="https://standaarden.overheid.nl/stop/imop/data/">
         <FRBRWork>/join/id/regdata/gm0363/2023/IO_2023080315_2919671_1-gio-1</FRBRWork>
         <FRBRExpression>/join/id/regdata/gm0363/2023/IO_2023080315_2919671_1-gio-1/nld@2023-08-03;1</FRBRExpression>
         <soortWork>/join/id/stop/work_010</soortWork>
      </ExpressionIdentificatie>
      <InformatieObjectVersieMetadata xmlns="https://standaarden.overheid.nl/stop/imop/data/">
         <heeftGeboorteregeling>/akn/nl/act/gm0363/2023/R_2023080315_2919671</heeftGeboorteregeling>
         <heeftBestanden>
            <heeftBestand>
               <Bestand>
                  <bestandsnaam>gio-1.gml</bestandsnaam>
                  <hash>0084bbd3601fee033a008df897a62bce09888be4ace2c63fb3a74be45c072edcc1dfb2cab10020ca404525321558a75fd41c2dddbd99a52d6141fb8f79fecf54</hash>
               </Bestand>
            </heeftBestand>
         </heeftBestanden>
      </InformatieObjectVersieMetadata>
      <InformatieObjectMetadata xmlns="https://standaarden.overheid.nl/stop/imop/data/">
         <eindverantwoordelijke>/tooi/id/gemeente/gm0363</eindverantwoordelijke>
         <maker>/tooi/id/gemeente/gm0363</maker>
         <alternatieveTitels>
            <alternatieveTitel>alternatieve-titel IO gio-1</alternatieveTitel>
         </alternatieveTitels>
         <naamInformatieObject>naam IO gio-1</naamInformatieObject>
         <officieleTitel>/join/id/regdata/gm0363/2023/IO_2023080315_2919671_1-gio-1</officieleTitel>
         <publicatieinstructie>TeConsolideren</publicatieinstructie>
         <formaatInformatieobject>/join/id/stop/informatieobject/gio_002</formaatInformatieobject>
      </InformatieObjectMetadata>
   </InformatieObjectVersie>
</AanleveringInformatieObject>
