<?xml version="1.0" encoding="utf-8"?>
<ow-dc:owBestand xmlns:xsi="http://www.w3.org/2001/XMLSchema-instance" 
   xmlns:xlink="http://www.w3.org/1999/xlink"
   xmlns:ga="http://www.geostandaarden.nl/imow/gebiedsaanwijzing"
   xmlns:da="http://www.geostandaarden.nl/imow/datatypenalgemeen"
   xmlns:sl="http://www.geostandaarden.nl/bestanden-ow/standlevering-generiek"
   xmlns:ow-dc="http://www.geostandaarden.nl/imow/bestanden/deelbestand"
   xmlns:ow="http://www.geostandaarden.nl/imow/owobject"
   xmlns:rol="http://www.geostandaarden.nl/imow/regelsoplocatie"
   xmlns:rg="http://www.geostandaarden.nl/imow/regelingsgebied"
   xmlns:p="http://www.geostandaarden.nl/imow/pons"
   xmlns:l="http://www.geostandaarden.nl/imow/locatie"
   xmlns:r="http://www.geostandaarden.nl/imow/regels"
   xmlns:k="http://www.geostandaarden.nl/imow/kaart"
   xmlns:s="http://www.geostandaarden.nl/imow/symbolisatie"
   xmlns:op="http://www.geostandaarden.nl/imow/opobject"
   xmlns:vt="http://www.geostandaarden.nl/imow/vrijetekst"
   xsi:schemaLocation="http://www.geostandaarden.nl/imow/bestanden/deelbestand https://register.geostandaarden.nl/xmlschema/tpod/v3.1.0/bestanden-ow/deelbestand-ow/IMOW_Deelbestand.xsd">
   <sl:standBestand xmlns:sl="http://www.geostandaarden.nl/bestanden-ow/standlevering-generiek">
      <sl:dataset>Voorbeeld-dataset</sl:dataset>
      <sl:inhoud>
         <sl:gebied>Voorbeeld-gebied</sl:gebied>
         <sl:leveringsId>ID-IMOW-2023080315-2919671-1</sl:leveringsId>
         <sl:objectTypen>
            <sl:objectType>Regelingsgebied</sl:objectType>
         </sl:objectTypen>
      </sl:inhoud>
      <sl:stand>
         <ow-dc:owObject>
            <rg:Regelingsgebied xmlns:rg="http://www.geostandaarden.nl/imow/regelingsgebied">
               <rg:identificatie>nl.imow-gm0363.regelingsgebied.R202308031529196711</rg:identificatie>
               <rg:locatieaanduiding>
                  <l:LocatieRef xmlns:l="http://www.geostandaarden.nl/imow/locatie"
                                xmlns:xlink="http://www.w3.org/1999/xlink"
                                xlink:href="nl.imow-gm0363.gebiedengroep.R202308031529196711"/>
               </rg:locatieaanduiding>
            </rg:Regelingsgebied>
         </ow-dc:owObject>
      </sl:stand>
   </sl:standBestand>
</ow-dc:owBestand>
