<?xml version="1.0" encoding="UTF-8"?>
<AanleveringInformatieObject xmlns="https://standaarden.overheid.nl/lvbb/stop/aanlevering/"
   xmlns:geo="https://standaarden.overheid.nl/stop/imop/geo/"
   xmlns:xsi="http://www.w3.org/2001/XMLSchema-instance"
   schemaversie="1.3.0"
   xsi:schemaLocation="https://standaarden.overheid.nl/lvbb/stop/aanlevering https://raw.githubusercontent.com/RicharddeGraaf1/schemaTestsRichard/refs/heads/main/1.4.1/lvbb/lvbb-stop-aanlevering.xsd">
   <InformatieObjectVersie>
      <ExpressionIdentificatie xmlns="https://standaarden.overheid.nl/stop/imop/data/">
         <FRBRWork>/join/id/pubdata/gm0363/2023/IO_2023080315_2919671_1-publiceren-1</FRBRWork>
         <FRBRExpression>/join/id/pubdata/gm0363/2023/IO_2023080315_2919671_1-publiceren-1/nld@2023-08-03;1</FRBRExpression>
         <soortWork>/join/id/stop/work_010</soortWork>
      </ExpressionIdentificatie>
      <InformatieObjectVersieMetadata xmlns="https://standaarden.overheid.nl/stop/imop/data/">
         <heeftBestanden>
            <heeftBestand>
               <Bestand>
                  <bestandsnaam>publiceren-1.pdf</bestandsnaam>
                  <hash>91fd58751c4f1daab4377b5b02fdd417e5f789bbe5507eb4ea2d3d625710a497d51bf6b1bbf27788f014b60382b920d82fb11dbb6de4a150d711ebc8617b350a</hash>
               </Bestand>
            </heeftBestand>
         </heeftBestanden>
      </InformatieObjectVersieMetadata>
      <InformatieObjectMetadata xmlns="https://standaarden.overheid.nl/stop/imop/data/">
         <eindverantwoordelijke>/tooi/id/gemeente/gm0363</eindverantwoordelijke>
         <maker>/tooi/id/gemeente/gm0363</maker>
         <alternatieveTitels>
            <alternatieveTitel>alternatieve-titel IO publiceren-1</alternatieveTitel>
         </alternatieveTitels>
         <naamInformatieObject>naam IO publiceren-1</naamInformatieObject>
         <officieleTitel>/join/id/pubdata/gm0363/2023/IO_2023080315_2919671_1-publiceren-1</officieleTitel>
         <publicatieinstructie>AlleenBekendTeMaken</publicatieinstructie>
         <formaatInformatieobject>/join/id/stop/informatieobject/doc_001</formaatInformatieobject>
      </InformatieObjectMetadata>
   </InformatieObjectVersie>
</AanleveringInformatieObject>
