<?xml version="1.0" encoding="UTF-8"?>
<lvbba:AanleveringInformatieObject xmlns:lvbba="https://standaarden.overheid.nl/lvbb/stop/aanlevering/"
                                   schemaversie="1.2.0">
   <lvbba:InformatieObjectVersie>
      <data:ExpressionIdentificatie xmlns:data="https://standaarden.overheid.nl/stop/imop/data/">
         <data:FRBRWork>/join/id/regdata/gm9920/2025/IO_2025073023_0928479_1-gio-1</data:FRBRWork>
         <data:FRBRExpression>/join/id/regdata/gm9920/2025/IO_2025073023_0928479_1-gio-1/nld@2025-07-30;1</data:FRBRExpression>
         <data:soortWork>/join/id/stop/work_010</data:soortWork>
      </data:ExpressionIdentificatie>
      <data:InformatieObjectVersieMetadata xmlns:data="https://standaarden.overheid.nl/stop/imop/data/">
         <data:heeftGeboorteregeling>/akn/nl/act/gm9920/2025/R_2025073023_0928479</data:heeftGeboorteregeling>
         <data:heeftBestanden>
            <data:heeftBestand>
               <data:Bestand>
                  <data:bestandsnaam>gio-1.gml</data:bestandsnaam>
                  <data:hash>d2bd9c313d521dbcaba2ee708d84982bd6f135c013b912b24244e2e94a117ec5a41284f207f712a290db4afec93e8877e4536dc4c7b3421cf5f96da5d3a39033</data:hash>
               </data:Bestand>
            </data:heeftBestand>
         </data:heeftBestanden>
      </data:InformatieObjectVersieMetadata>
      <data:InformatieObjectMetadata xmlns:data="https://standaarden.overheid.nl/stop/imop/data/">
         <data:eindverantwoordelijke>/tooi/id/gemeente/gm9920</data:eindverantwoordelijke>
         <data:maker>/tooi/id/gemeente/gm9920</data:maker>
         <data:alternatieveTitels>
            <data:alternatieveTitel>alternatieve-titel IO gio-1</data:alternatieveTitel>
         </data:alternatieveTitels>
         <data:naamInformatieObject>naam IO gio-1</data:naamInformatieObject>
         <data:officieleTitel>/join/id/regdata/gm9920/2025/IO_2025073023_0928479_1-gio-1</data:officieleTitel>
         <data:publicatieinstructie>TeConsolideren</data:publicatieinstructie>
         <data:formaatInformatieobject>/join/id/stop/informatieobject/gio_002</data:formaatInformatieobject>
      </data:InformatieObjectMetadata>
   </lvbba:InformatieObjectVersie>
</lvbba:AanleveringInformatieObject>
