<?xml version="1.0" encoding="UTF-8"?>
<ow-dc:owBestand xmlns:ow-dc="http://www.geostandaarden.nl/imow/bestanden/deelbestand">
   <sl:standBestand xmlns:sl="http://www.geostandaarden.nl/bestanden-ow/standlevering-generiek">
      <sl:dataset>Voorbeeld-dataset</sl:dataset>
      <sl:inhoud>
         <sl:gebied>Voorbeeld-gebied</sl:gebied>
         <sl:leveringsId>ID-IMOW-2025073023-0928479-1</sl:leveringsId>
         <sl:objectTypen>
            <sl:objectType>Gebiedengroep</sl:objectType>
            <sl:objectType>Gebied</sl:objectType>
         </sl:objectTypen>
      </sl:inhoud>
      <sl:stand>
         <ow-dc:owObject>
            <l:Gebied xmlns:l="http://www.geostandaarden.nl/imow/locatie">
               <ow:procedurestatus xmlns:ow="http://www.geostandaarden.nl/imow/owobject">ontwerp</ow:procedurestatus>
               <l:identificatie>nl.imow-gm9920.gebied.382cbd2b2ffd4f5ba41a80d03afedfb4</l:identificatie>
               <l:geometrie>
                  <l:GeometrieRef xmlns:xlink="http://www.w3.org/1999/xlink"
                                  xlink:href="382cbd2b-2ffd-4f5b-a41a-80d03afedfb4"/>
               </l:geometrie>
            </l:Gebied>
         </ow-dc:owObject>
      </sl:stand>
      <sl:stand>
         <ow-dc:owObject>
            <l:Gebiedengroep xmlns:l="http://www.geostandaarden.nl/imow/locatie">
               <ow:procedurestatus xmlns:ow="http://www.geostandaarden.nl/imow/owobject">ontwerp</ow:procedurestatus>
               <l:identificatie>nl.imow-gm9920.gebiedengroep.R202507302309284791</l:identificatie>
               <l:noemer>Voorbeeld-gebied-R202507302309284791</l:noemer>
               <l:groepselement>
                  <l:GebiedRef xmlns:xlink="http://www.w3.org/1999/xlink"
                               xlink:href="nl.imow-gm9920.gebied.382cbd2b2ffd4f5ba41a80d03afedfb4"/>
               </l:groepselement>
            </l:Gebiedengroep>
         </ow-dc:owObject>
      </sl:stand>
   </sl:standBestand>
</ow-dc:owBestand>
