<?xml version="1.0" encoding="UTF-8"?>
<ow-dc:owBestand xmlns:ow-dc="http://www.geostandaarden.nl/imow/bestanden/deelbestand">
   <sl:standBestand xmlns:sl="http://www.geostandaarden.nl/bestanden-ow/standlevering-generiek">
      <sl:dataset>Voorbeeld-dataset</sl:dataset>
      <sl:inhoud>
         <sl:gebied>Voorbeeld-gebied</sl:gebied>
         <sl:leveringsId>ID-IMOW-2025073023-0928479-1</sl:leveringsId>
         <sl:objectTypen>
            <sl:objectType>Regelingsgebied</sl:objectType>
         </sl:objectTypen>
      </sl:inhoud>
      <sl:stand>
         <ow-dc:owObject>
            <rg:Regelingsgebied xmlns:rg="http://www.geostandaarden.nl/imow/regelingsgebied">
               <ow:procedurestatus xmlns:ow="http://www.geostandaarden.nl/imow/owobject">ontwerp</ow:procedurestatus>
               <rg:identificatie>nl.imow-gm9920.regelingsgebied.R202507302309284791</rg:identificatie>
               <rg:locatieaanduiding>
                  <l:LocatieRef xmlns:l="http://www.geostandaarden.nl/imow/locatie"
                                xmlns:xlink="http://www.w3.org/1999/xlink"
                                xlink:href="nl.imow-gm9920.gebiedengroep.R202507302309284791"/>
               </rg:locatieaanduiding>
            </rg:Regelingsgebied>
         </ow-dc:owObject>
      </sl:stand>
   </sl:standBestand>
</ow-dc:owBestand>
